{
  "elapsed_sec": 185.97359156608582,
  "budget_per_sample": 64.8,
  "total_reward_evals": 3240,
  "forward_passes": 87480,
  "fp_per_sample": 1749.6,
  "validity": 0.72,
  "uniqueness": 1.0,
  "qed_mean": 0.9308538702486958,
  "qed_top10": 0.9478956716257549,
  "qed_max": 0.9479230456305644,
  "num_samples": 50,
  "name": "beam_B50_N20_L2_t08",
  "reward": "none"
}