{
  "elapsed_sec": 97.10903024673462,
  "budget_per_sample": 24.0,
  "total_reward_evals": 1200,
  "forward_passes": 36000,
  "fp_per_sample": 720.0,
  "validity": 1.0,
  "uniqueness": 1.0,
  "qed_mean": 0.9126489529131459,
  "qed_top10": 0.9434687371548829,
  "qed_max": 0.9460554173924859,
  "num_samples": 50,
  "name": "beam_B20_N5_L4_t08",
  "reward": "none"
}