{
  "elapsed_sec": 128.00288081169128,
  "budget_per_sample": 88.0,
  "total_reward_evals": 4400,
  "forward_passes": 96800,
  "fp_per_sample": 1936.0,
  "validity": 0.14,
  "uniqueness": 1.0,
  "qed_mean": 0.7550725813370198,
  "qed_top10": 0.9424072673233821,
  "qed_max": 0.9424072673233821,
  "num_samples": 50,
  "name": "beam_noelite_B100_N10_L8_t05",
  "reward": "none"
}