smiles,mol_wt
O=CNC1CCN(C(=O)c2ccccc2)CC1,232.28300000000002
O=C(c1ccccc1)N1CCCCC1,189.25799999999992
Cc1ccc(-c2ncon2)cc1,160.17600000000002
CC1=CC=C1C(=O)NC1C[NH+](Cc2ccc(Cl)cc2)C1,289.78600000000006
O=[SH](=O)c1ccccc1C(F)(F)F,210.17599999999996
CCc1cccc([SH](=O)=O)c1,170.23299999999998
Cn1cc(NC(=O)c2ccc(N3CCCCC3)cc2)cn1,284.36299999999994
