{
  "elapsed_sec": 44.829249143600464,
  "budget_per_sample": 44.0,
  "total_reward_evals": 2200,
  "forward_passes": 52800,
  "fp_per_sample": 1056.0,
  "validity": 0.46,
  "uniqueness": 1.0,
  "qed_mean": 0.7484258254293626,
  "qed_top10": 0.9456659257392126,
  "qed_max": 0.9456659257392126,
  "num_samples": 50,
  "name": "beam_B50_N10_L4_t05",
  "reward": "none"
}