{
  "elapsed_sec": 15.789294719696045,
  "budget_per_sample": 16.0,
  "total_reward_evals": 800,
  "forward_passes": 18000,
  "fp_per_sample": 360.0,
  "validity": 1.0,
  "uniqueness": 1.0,
  "qed_mean": 0.7798914714785554,
  "qed_top10": 0.9452053969503952,
  "qed_max": 0.9465231229390886,
  "num_samples": 50,
  "name": "beam_B20_N10_L2_t08",
  "reward": "none"
}