{
  "elapsed_sec": 120.11788392066956,
  "budget_per_sample": 160.0,
  "total_reward_evals": 8000,
  "forward_passes": 168000,
  "fp_per_sample": 3360.0,
  "validity": 0.6,
  "uniqueness": 1.0,
  "qed_mean": 0.8655942787522355,
  "qed_top10": 0.9480344141489615,
  "qed_max": 0.9480344141489615,
  "num_samples": 50,
  "name": "beam_B200_N10_L8_t05",
  "reward": "none"
}