{
  "elapsed_sec": 37.34721493721008,
  "budget_per_sample": 48.0,
  "total_reward_evals": 2400,
  "forward_passes": 52800,
  "fp_per_sample": 1056.0,
  "validity": 0.5,
  "uniqueness": 1.0,
  "qed_mean": 0.8473961230534712,
  "qed_top10": 0.9473810669508358,
  "qed_max": 0.9475347102823918,
  "num_samples": 50,
  "name": "beam_B50_N20_L4_t08",
  "reward": "none"
}