{
  "elapsed_sec": 40.589935064315796,
  "budget_per_sample": 20.0,
  "total_reward_evals": 1000,
  "forward_passes": 28320,
  "fp_per_sample": 566.4,
  "validity": 1.0,
  "uniqueness": 1.0,
  "qed_mean": 0.9425826999553196,
  "qed_top10": 0.9470342258288642,
  "qed_max": 0.9480849505654695,
  "num_samples": 50,
  "name": "mcts_ref_B20_L8_c10",
  "reward": "none"
}