{
  "elapsed_sec": 23.766226053237915,
  "budget_per_sample": 24.0,
  "total_reward_evals": 1200,
  "forward_passes": 33600,
  "fp_per_sample": 672.0,
  "validity": 0.46,
  "uniqueness": 1.0,
  "qed_mean": 0.943900741418099,
  "qed_top10": 0.9454820263016513,
  "qed_max": 0.945594939311671,
  "num_samples": 50,
  "name": "beam_div05_B20_N50_L4_t08",
  "reward": "none"
}