{
  "elapsed_sec": 22.204892873764038,
  "budget_per_sample": 24.0,
  "total_reward_evals": 1200,
  "forward_passes": 37200,
  "fp_per_sample": 744.0,
  "validity": 0.24,
  "uniqueness": 1.0,
  "qed_mean": 0.9466234771886523,
  "qed_top10": 0.9477962897392284,
  "qed_max": 0.9477962897392284,
  "num_samples": 50,
  "name": "beam_B20_N50_L8_t08",
  "reward": "none"
}