{
  "elapsed_sec": 95.46546053886414,
  "budget_per_sample": 104.0,
  "total_reward_evals": 5200,
  "forward_passes": 130000,
  "fp_per_sample": 2600.0,
  "validity": 0.28,
  "uniqueness": 1.0,
  "qed_mean": 0.9462987361458046,
  "qed_top10": 0.946572391313461,
  "qed_max": 0.946572391313461,
  "num_samples": 50,
  "name": "beam_div01_B100_N50_L8_t08",
  "reward": "none"
}