{
  "elapsed_sec": 28.46893072128296,
  "budget_per_sample": 40.0,
  "total_reward_evals": 2000,
  "forward_passes": 42000,
  "fp_per_sample": 840.0,
  "validity": 0.26,
  "uniqueness": 1.0,
  "qed_mean": 0.9254843640209443,
  "qed_top10": 0.9388727059418357,
  "qed_max": 0.9388727059418357,
  "num_samples": 50,
  "name": "beam_B50_N50_L2_t08",
  "reward": "none"
}