{
  "elapsed_sec": 30.607308864593506,
  "budget_per_sample": 20.0,
  "total_reward_evals": 1000,
  "forward_passes": 28320,
  "fp_per_sample": 566.4,
  "validity": 1.0,
  "uniqueness": 1.0,
  "qed_mean": 0.9308092515711586,
  "qed_top10": 0.9440680895685858,
  "qed_max": 0.9472651270888701,
  "num_samples": 50,
  "name": "mcts_B20_L8_c20",
  "reward": "none"
}