{
  "elapsed_sec": 55.39971899986267,
  "budget_per_sample": 80.0,
  "total_reward_evals": 4000,
  "forward_passes": 82000,
  "fp_per_sample": 1640.0,
  "validity": 0.26,
  "uniqueness": 1.0,
  "qed_mean": 0.9472772814140344,
  "qed_top10": 0.9479230456305644,
  "qed_max": 0.9479230456305644,
  "num_samples": 50,
  "name": "beam_B100_N50_L2_t05",
  "reward": "none"
}