{
  "elapsed_sec": 217.1108124256134,
  "budget_per_sample": 80.0,
  "total_reward_evals": 4000,
  "forward_passes": 84000,
  "fp_per_sample": 1680.0,
  "validity": 0.1,
  "uniqueness": 1.0,
  "qed_mean": 0.7175994852615286,
  "qed_top10": 0.7877869093565646,
  "qed_max": 0.7877869093565646,
  "num_samples": 50,
  "name": "beam_B100_N50_L4_t08",
  "reward": "none"
}