smiles,mol_wt
O=S(=O)(c1ccccc1)N1CCNCC1,226.30099999999993
CC1(c2ccccccccc2)CCNCC1,227.35099999999994
c1cc2c(cc1N1CCNCC1)CCO2,204.27299999999994
NCc1ccc2c(c1)CCO2,149.19299999999996
NS(=O)(=O)c1ccccc1,157.194
