{
  "elapsed_sec": 1095.9492590427399,
  "budget_per_sample": 100.0,
  "total_reward_evals": 5000,
  "forward_passes": 156480,
  "fp_per_sample": 3129.6,
  "validity": 1.0,
  "uniqueness": 1.0,
  "qed_mean": 0.9447690876549143,
  "qed_top10": 0.94741258623889,
  "qed_max": 0.94741258623889,
  "num_samples": 50,
  "name": "mcts_B100_L8_c20",
  "reward": "none"
}