{
  "elapsed_sec": 75.46655941009521,
  "budget_per_sample": 20.0,
  "total_reward_evals": 1000,
  "forward_passes": 21280,
  "fp_per_sample": 425.6,
  "validity": 1.0,
  "uniqueness": 1.0,
  "qed_mean": 0.8717498459940003,
  "qed_top10": 0.909522406410441,
  "qed_max": 0.9184477774268053,
  "num_samples": 50,
  "name": "mcts_B20_L2_c05",
  "reward": "none"
}