{
  "elapsed_sec": 98.6670331954956,
  "budget_per_sample": 100.0,
  "total_reward_evals": 5000,
  "forward_passes": 125000,
  "fp_per_sample": 2500.0,
  "validity": 0.36,
  "uniqueness": 1.0,
  "qed_mean": 0.8907243182167522,
  "qed_top10": 0.9219660929166431,
  "qed_max": 0.9219660929166431,
  "num_samples": 50,
  "name": "beam_div05_B100_N50_L4_t08",
  "reward": "none"
}