{
  "elapsed_sec": 177.7684531211853,
  "budget_per_sample": 144.0,
  "total_reward_evals": 7200,
  "forward_passes": 252000,
  "fp_per_sample": 5040.0,
  "validity": 0.14,
  "uniqueness": 1.0,
  "qed_mean": 0.940492099559625,
  "qed_top10": 0.9439954939264945,
  "qed_max": 0.9439954939264945,
  "num_samples": 50,
  "name": "beam_div05_B100_N50_L8_t08",
  "reward": "none"
}