{
  "elapsed_sec": 182.4396049976349,
  "budget_per_sample": 163.2,
  "total_reward_evals": 8160,
  "forward_passes": 277440,
  "fp_per_sample": 5548.8,
  "validity": 0.26,
  "uniqueness": 1.0,
  "qed_mean": 0.9438502909407744,
  "qed_top10": 0.9479230456305644,
  "qed_max": 0.9479230456305644,
  "num_samples": 50,
  "name": "beam_B100_N20_L8_t05",
  "reward": "none"
}