{
  "elapsed_sec": 78.65740871429443,
  "budget_per_sample": 100.0,
  "total_reward_evals": 5000,
  "forward_passes": 125000,
  "fp_per_sample": 2500.0,
  "validity": 0.3,
  "uniqueness": 1.0,
  "qed_mean": 0.9469236560390825,
  "qed_top10": 0.9479230456305644,
  "qed_max": 0.9479230456305644,
  "num_samples": 50,
  "name": "beam_div03_B100_N50_L4_t08",
  "reward": "none"
}