{
  "elapsed_sec": 21.226999282836914,
  "budget_per_sample": 24.0,
  "total_reward_evals": 1200,
  "forward_passes": 26400,
  "fp_per_sample": 528.0,
  "validity": 0.64,
  "uniqueness": 1.0,
  "qed_mean": 0.6768776040242676,
  "qed_top10": 0.9467699037942389,
  "qed_max": 0.946769903794239,
  "num_samples": 50,
  "name": "beam_B20_N10_L8_t05",
  "reward": "none"
}