{
  "elapsed_sec": 13.06719970703125,
  "budget_per_sample": 16.0,
  "total_reward_evals": 800,
  "forward_passes": 20000,
  "fp_per_sample": 400.0,
  "validity": 1.0,
  "uniqueness": 1.0,
  "qed_mean": 0.8389550874227519,
  "qed_top10": 0.8999211603945081,
  "qed_max": 0.9066966186681433,
  "num_samples": 50,
  "name": "beam_div03_B20_N50_L4_t08",
  "reward": "none"
}