{
  "elapsed_sec": 128.60712456703186,
  "budget_per_sample": 50.0,
  "total_reward_evals": 2500,
  "forward_passes": 73920,
  "fp_per_sample": 1478.4,
  "validity": 1.0,
  "uniqueness": 1.0,
  "qed_mean": 0.9311686544874053,
  "qed_top10": 0.9364968106079571,
  "qed_max": 0.937228285108002,
  "num_samples": 50,
  "name": "mcts_B50_L4_c10",
  "reward": "none"
}