{
  "elapsed_sec": 127.71539068222046,
  "budget_per_sample": 128.0,
  "total_reward_evals": 6400,
  "forward_passes": 204800,
  "fp_per_sample": 4096.0,
  "validity": 0.06,
  "uniqueness": 1.0,
  "qed_mean": 0.9482016196531001,
  "qed_top10": 0.9482935048114058,
  "qed_max": 0.9482935048114058,
  "num_samples": 50,
  "name": "beam_div03_B100_N50_L8_t08",
  "reward": "none"
}