{
  "elapsed_sec": 75.5330867767334,
  "budget_per_sample": 76.8,
  "total_reward_evals": 3840,
  "forward_passes": 134400,
  "fp_per_sample": 2688.0,
  "validity": 0.12,
  "uniqueness": 1.0,
  "qed_mean": 0.9472614622892315,
  "qed_top10": 0.947893550795942,
  "qed_max": 0.947893550795942,
  "num_samples": 50,
  "name": "beam_B50_N20_L8_t08",
  "reward": "none"
}