{
  "elapsed_sec": 170.22361373901367,
  "budget_per_sample": 200.0,
  "total_reward_evals": 10000,
  "forward_passes": 85960,
  "fp_per_sample": 1719.2,
  "validity": 1.0,
  "uniqueness": 1.0,
  "qed_mean": 0.9426102343553588,
  "qed_top10": 0.9479230456305643,
  "qed_max": 0.9479230456305644,
  "num_samples": 50,
  "name": "mcts_B200_L4_c05",
  "reward": "none"
}