{
  "elapsed_sec": 128.73951268196106,
  "budget_per_sample": 106.0,
  "total_reward_evals": 5300,
  "forward_passes": 143100,
  "fp_per_sample": 2862.0,
  "validity": 1.0,
  "uniqueness": 1.0,
  "qed_mean": 0.9054595288154352,
  "qed_top10": 0.9469216279306361,
  "qed_max": 0.947893550795942,
  "num_samples": 50,
  "name": "beam_B200_N10_L2_t05",
  "reward": "none"
}