{
  "elapsed_sec": 149.4373369216919,
  "budget_per_sample": 96.0,
  "total_reward_evals": 4800,
  "forward_passes": 124800,
  "fp_per_sample": 2496.0,
  "validity": 0.24,
  "uniqueness": 1.0,
  "qed_mean": 0.8179809335792526,
  "qed_top10": 0.9479182075573691,
  "qed_max": 0.9479182075573691,
  "num_samples": 50,
  "name": "beam_noelite_B100_N5_L8_t05",
  "reward": "none"
}