{
  "elapsed_sec": 215.36638951301575,
  "budget_per_sample": 100.0,
  "total_reward_evals": 5000,
  "forward_passes": 118200,
  "fp_per_sample": 2364.0,
  "validity": 1.0,
  "uniqueness": 1.0,
  "qed_mean": 0.9336905358813711,
  "qed_top10": 0.9441080485839992,
  "qed_max": 0.9441080485839992,
  "num_samples": 50,
  "name": "mcts_B100_L4_c20",
  "reward": "none"
}