{
  "elapsed_sec": 19.992753744125366,
  "budget_per_sample": 16.0,
  "total_reward_evals": 800,
  "forward_passes": 24000,
  "fp_per_sample": 480.0,
  "validity": 1.0,
  "uniqueness": 1.0,
  "qed_mean": 0.6900932310617975,
  "qed_top10": 0.9427014662215492,
  "qed_max": 0.9479230456305644,
  "num_samples": 50,
  "name": "beam_B20_N5_L8_t05",
  "reward": "none"
}