{
  "elapsed_sec": 546.2845010757446,
  "budget_per_sample": 80.0,
  "total_reward_evals": 4000,
  "forward_passes": 82000,
  "fp_per_sample": 1640.0,
  "validity": 1.0,
  "uniqueness": 1.0,
  "qed_mean": 0.7552291468235149,
  "qed_top10": 0.927385509150062,
  "qed_max": 0.9323543819016517,
  "num_samples": 50,
  "name": "beam_B100_N5_L2_t05",
  "reward": "none"
}