{
  "elapsed_sec": 43.41355633735657,
  "budget_per_sample": 48.0,
  "total_reward_evals": 2400,
  "forward_passes": 57600,
  "fp_per_sample": 1152.0,
  "validity": 0.26,
  "uniqueness": 1.0,
  "qed_mean": 0.6833323475753801,
  "qed_top10": 0.9442709504025094,
  "qed_max": 0.9442709504025094,
  "num_samples": 50,
  "name": "beam_B50_N20_L8_t05",
  "reward": "none"
}