smiles,mol_wt
Cc1ccoc1C(=O)N[C@H]1CCN(c2ccc(F)cc2)C1,288.322
Cc1cc(CNC(=O)c2cnn(C(C)C)c2)ccc1Cl,291.78200000000004
Cc1ccc(C(=O)NCC(C)(C)c2ccc(F)cc2)cn1,286.35
CC(C)n1cc(C(=O)NCc2ccc(F)cc2F)cn1,279.28999999999996
Cc1nc2ccccc2cc1[SH](=O)=O,207.25399999999996
Cc1ccccc1CN,121.183
CC1=c2ccccc2=C1[SH](=O)=O,180.22799999999998
Cc1ccc2ccccc2n1,143.189
c1ccc2c(c1)CCN2,119.16699999999999
CCC1CCNCC1,113.20400000000001
CCCCCCN,101.19300000000001
Cc1cccc(C=O)n1,121.139
Cc1ccc(C=O)cc1,120.15099999999998
