{
  "elapsed_sec": 65.18511271476746,
  "budget_per_sample": 80.0,
  "total_reward_evals": 4000,
  "forward_passes": 88000,
  "fp_per_sample": 1760.0,
  "validity": 0.08,
  "uniqueness": 1.0,
  "qed_mean": 0.5970185782610661,
  "qed_top10": 0.5984361484336194,
  "qed_max": 0.5984361484336194,
  "num_samples": 50,
  "name": "beam_noelite_B100_N50_L8_t08",
  "reward": "none"
}