smiles,mol_wt
CCCCCc1ncon1,140.18599999999998
CCCCCc1ncno1,140.186
CCCCCc1nnco1,140.186
O=Cc1ccc2ccccc2n1,157.17199999999997
