{
  "elapsed_sec": 27.982216835021973,
  "budget_per_sample": 24.0,
  "total_reward_evals": 1200,
  "forward_passes": 33600,
  "fp_per_sample": 672.0,
  "validity": 0.22,
  "uniqueness": 1.0,
  "qed_mean": 0.9327903580478544,
  "qed_top10": 0.9473587782840106,
  "qed_max": 0.9473587782840106,
  "num_samples": 50,
  "name": "beam_noelite_B20_N5_L4_t05",
  "reward": "none"
}