{
  "elapsed_sec": 66.41497111320496,
  "budget_per_sample": 80.0,
  "total_reward_evals": 4000,
  "forward_passes": 88000,
  "fp_per_sample": 1760.0,
  "validity": 0.96,
  "uniqueness": 1.0,
  "qed_mean": 0.7534537093009003,
  "qed_top10": 0.9438513735021333,
  "qed_max": 0.9443282081220039,
  "num_samples": 50,
  "name": "beam_B100_N10_L8_t08",
  "reward": "none"
}