{
  "elapsed_sec": 102.19429159164429,
  "budget_per_sample": 116.0,
  "total_reward_evals": 5800,
  "forward_passes": 174000,
  "fp_per_sample": 3480.0,
  "validity": 0.1,
  "uniqueness": 1.0,
  "qed_mean": 0.9479217234665459,
  "qed_top10": 0.9480344141489615,
  "qed_max": 0.9480344141489615,
  "num_samples": 50,
  "name": "beam_B100_N50_L4_t05",
  "reward": "none"
}