{
  "elapsed_sec": 74.0925223827362,
  "budget_per_sample": 58.0,
  "total_reward_evals": 2900,
  "forward_passes": 84100,
  "fp_per_sample": 1682.0,
  "validity": 0.72,
  "uniqueness": 1.0,
  "qed_mean": 0.9386614603963763,
  "qed_top10": 0.9466523634133127,
  "qed_max": 0.9470390150710852,
  "num_samples": 50,
  "name": "beam_B50_N10_L2_t05",
  "reward": "none"
}