{
  "elapsed_sec": 53.830347776412964,
  "budget_per_sample": 56.0,
  "total_reward_evals": 2800,
  "forward_passes": 70000,
  "fp_per_sample": 1400.0,
  "validity": 0.56,
  "uniqueness": 1.0,
  "qed_mean": 0.8099746535941623,
  "qed_top10": 0.9480071312404892,
  "qed_max": 0.9480071312404892,
  "num_samples": 50,
  "name": "beam_B50_N10_L8_t05",
  "reward": "none"
}