{
  "elapsed_sec": 207.0685658454895,
  "budget_per_sample": 100.0,
  "total_reward_evals": 5000,
  "forward_passes": 116540,
  "fp_per_sample": 2330.8,
  "validity": 1.0,
  "uniqueness": 1.0,
  "qed_mean": 0.940639004697313,
  "qed_top10": 0.9460667318527497,
  "qed_max": 0.9473185272292947,
  "num_samples": 50,
  "name": "mcts_ref_B100_L4_c10",
  "reward": "none"
}