{
  "elapsed_sec": 46.57049489021301,
  "budget_per_sample": 48.0,
  "total_reward_evals": 2400,
  "forward_passes": 60000,
  "fp_per_sample": 1200.0,
  "validity": 0.48,
  "uniqueness": 1.0,
  "qed_mean": 0.9463754135668042,
  "qed_top10": 0.9479639824724517,
  "qed_max": 0.9480344141489615,
  "num_samples": 50,
  "name": "beam_B50_N10_L4_t08",
  "reward": "none"
}