{
  "elapsed_sec": 59.762333154678345,
  "budget_per_sample": 46.0,
  "total_reward_evals": 2300,
  "forward_passes": 55200,
  "fp_per_sample": 1104.0,
  "validity": 1.0,
  "uniqueness": 1.0,
  "qed_mean": 0.75868748008909,
  "qed_top10": 0.9441918155687098,
  "qed_max": 0.9465888370704156,
  "num_samples": 50,
  "name": "beam_B50_N5_L2_t05",
  "reward": "none"
}