{
  "elapsed_sec": 18.467069387435913,
  "budget_per_sample": 16.0,
  "total_reward_evals": 800,
  "forward_passes": 20000,
  "fp_per_sample": 400.0,
  "validity": 1.0,
  "uniqueness": 1.0,
  "qed_mean": 0.7768712278108952,
  "qed_top10": 0.9409101748507555,
  "qed_max": 0.9466786472143095,
  "num_samples": 50,
  "name": "beam_B20_N5_L4_t05",
  "reward": "none"
}