{
  "elapsed_sec": 87.52964448928833,
  "budget_per_sample": 20.0,
  "total_reward_evals": 1000,
  "forward_passes": 25640,
  "fp_per_sample": 512.8,
  "validity": 1.0,
  "uniqueness": 1.0,
  "qed_mean": 0.8626792807190519,
  "qed_top10": 0.9238061132005768,
  "qed_max": 0.9430667248637611,
  "num_samples": 50,
  "name": "mcts_B20_L2_c10",
  "reward": "none"
}