{
  "elapsed_sec": 276.4393665790558,
  "budget_per_sample": 276.0,
  "total_reward_evals": 13800,
  "forward_passes": 483000,
  "fp_per_sample": 9660.0,
  "validity": 0.2,
  "uniqueness": 1.0,
  "qed_mean": 0.9474650456722447,
  "qed_top10": 0.9477962897392284,
  "qed_max": 0.9477962897392284,
  "num_samples": 50,
  "name": "beam_B200_N50_L4_t08",
  "reward": "none"
}