{
  "elapsed_sec": 193.33905291557312,
  "budget_per_sample": 192.0,
  "total_reward_evals": 9600,
  "forward_passes": 240000,
  "fp_per_sample": 4800.0,
  "validity": 1.0,
  "uniqueness": 1.0,
  "qed_mean": 0.8567880618425763,
  "qed_top10": 0.9478166707018174,
  "qed_max": 0.9480344141489615,
  "num_samples": 50,
  "name": "beam_B200_N5_L8_t05",
  "reward": "none"
}