{
  "elapsed_sec": 29.591787338256836,
  "budget_per_sample": 28.8,
  "total_reward_evals": 1440,
  "forward_passes": 40320,
  "fp_per_sample": 806.4,
  "validity": 0.22,
  "uniqueness": 1.0,
  "qed_mean": 0.9395962860531113,
  "qed_top10": 0.9475375578237158,
  "qed_max": 0.9475375578237158,
  "num_samples": 50,
  "name": "beam_B20_N20_L4_t05",
  "reward": "none"
}