{
  "elapsed_sec": 174.86081337928772,
  "budget_per_sample": 144.0,
  "total_reward_evals": 7200,
  "forward_passes": 216000,
  "fp_per_sample": 4320.0,
  "validity": 0.08,
  "uniqueness": 1.0,
  "qed_mean": 0.9386322287854527,
  "qed_top10": 0.9464083865724385,
  "qed_max": 0.9464083865724385,
  "num_samples": 50,
  "name": "beam_noelite_B100_N20_L8_t08",
  "reward": "none"
}