{
  "elapsed_sec": 19.29742121696472,
  "budget_per_sample": 16.0,
  "total_reward_evals": 800,
  "forward_passes": 18000,
  "fp_per_sample": 360.0,
  "validity": 1.0,
  "uniqueness": 1.0,
  "qed_mean": 0.8032850742616924,
  "qed_top10": 0.9380976181073392,
  "qed_max": 0.9461011773827155,
  "num_samples": 50,
  "name": "beam_B20_N5_L2_t05",
  "reward": "none"
}