{
  "elapsed_sec": 20.24051308631897,
  "budget_per_sample": 24.0,
  "total_reward_evals": 1200,
  "forward_passes": 32400,
  "fp_per_sample": 648.0,
  "validity": 0.18,
  "uniqueness": 1.0,
  "qed_mean": 0.9473792828698495,
  "qed_top10": 0.9480849505654695,
  "qed_max": 0.9480849505654695,
  "num_samples": 50,
  "name": "beam_div01_B20_N50_L8_t08",
  "reward": "none"
}