{
  "elapsed_sec": 19.208395957946777,
  "budget_per_sample": 24.0,
  "total_reward_evals": 1200,
  "forward_passes": 31200,
  "fp_per_sample": 624.0,
  "validity": 0.08,
  "uniqueness": 1.0,
  "qed_mean": 0.9479009245045975,
  "qed_top10": 0.9479230456305644,
  "qed_max": 0.9479230456305644,
  "num_samples": 50,
  "name": "beam_B20_N50_L4_t08",
  "reward": "none"
}