{
  "elapsed_sec": 176.53342390060425,
  "budget_per_sample": 67.2,
  "total_reward_evals": 3360,
  "forward_passes": 100800,
  "fp_per_sample": 2016.0,
  "validity": 0.26,
  "uniqueness": 1.0,
  "qed_mean": 0.9401279431473596,
  "qed_top10": 0.9472375978045142,
  "qed_max": 0.9472375978045142,
  "num_samples": 50,
  "name": "beam_B50_N20_L4_t05",
  "reward": "none"
}