{
  "elapsed_sec": 354.1692039966583,
  "budget_per_sample": 132.0,
  "total_reward_evals": 6600,
  "forward_passes": 217800,
  "fp_per_sample": 4356.0,
  "validity": 0.2,
  "uniqueness": 1.0,
  "qed_mean": 0.9327755399922545,
  "qed_top10": 0.9479417426563522,
  "qed_max": 0.9479417426563522,
  "num_samples": 50,
  "name": "beam_noelite_B100_N5_L4_t08",
  "reward": "none"
}