{
  "elapsed_sec": 117.19274806976318,
  "budget_per_sample": 92.0,
  "total_reward_evals": 4600,
  "forward_passes": 108100,
  "fp_per_sample": 2162.0,
  "validity": 1.0,
  "uniqueness": 1.0,
  "qed_mean": 0.7908023628850863,
  "qed_top10": 0.8407585942002977,
  "qed_max": 0.8636003989045693,
  "num_samples": 50,
  "name": "beam_B200_N5_L2_t08",
  "reward": "none"
}