{
  "elapsed_sec": 134.1786756515503,
  "budget_per_sample": 134.4,
  "total_reward_evals": 6720,
  "forward_passes": 194880,
  "fp_per_sample": 3897.6,
  "validity": 0.66,
  "uniqueness": 1.0,
  "qed_mean": 0.9447253135291087,
  "qed_top10": 0.9479230456305644,
  "qed_max": 0.9479230456305644,
  "num_samples": 50,
  "name": "beam_B100_N20_L4_t08",
  "reward": "none"
}