{
  "elapsed_sec": 22.238301992416382,
  "budget_per_sample": 24.0,
  "total_reward_evals": 1200,
  "forward_passes": 37200,
  "fp_per_sample": 744.0,
  "validity": 0.46,
  "uniqueness": 1.0,
  "qed_mean": 0.9443541571236765,
  "qed_top10": 0.9479230456305644,
  "qed_max": 0.9479230456305644,
  "num_samples": 50,
  "name": "beam_div05_B20_N50_L8_t08",
  "reward": "none"
}