{
  "elapsed_sec": 33.14569306373596,
  "budget_per_sample": 16.0,
  "total_reward_evals": 800,
  "forward_passes": 24000,
  "fp_per_sample": 480.0,
  "validity": 1.0,
  "uniqueness": 1.0,
  "qed_mean": 0.5083577628624478,
  "qed_top10": 0.5917763527277526,
  "qed_max": 0.6103709126086541,
  "num_samples": 50,
  "name": "beam_div03_B20_N10_L8_t08",
  "reward": "none"
}