{
  "elapsed_sec": 101.14724206924438,
  "budget_per_sample": 96.0,
  "total_reward_evals": 4800,
  "forward_passes": 120000,
  "fp_per_sample": 2400.0,
  "validity": 1.0,
  "uniqueness": 1.0,
  "qed_mean": 0.809698779521408,
  "qed_top10": 0.9462012253972711,
  "qed_max": 0.9466786472143096,
  "num_samples": 50,
  "name": "beam_B100_N5_L8_t08",
  "reward": "none"
}