{
  "elapsed_sec": 129.4415831565857,
  "budget_per_sample": 88.0,
  "total_reward_evals": 4400,
  "forward_passes": 92400,
  "fp_per_sample": 1848.0,
  "validity": 1.0,
  "uniqueness": 1.0,
  "qed_mean": 0.7631622233610574,
  "qed_top10": 0.9452072899144388,
  "qed_max": 0.9479230456305644,
  "num_samples": 50,
  "name": "beam_div05_B100_N10_L8_t08",
  "reward": "none"
}