{
  "elapsed_sec": 367.5986559391022,
  "budget_per_sample": 160.0,
  "total_reward_evals": 8000,
  "forward_passes": 164000,
  "fp_per_sample": 3280.0,
  "validity": 0.18,
  "uniqueness": 1.0,
  "qed_mean": 0.724256167690884,
  "qed_top10": 0.7607759678912092,
  "qed_max": 0.7607759678912092,
  "num_samples": 50,
  "name": "beam_B200_N50_L4_t05",
  "reward": "none"
}