smiles,mol_wt
O=C(c1ccccc1C1=CC=N1)N1[CH]CCC1,225.27099999999996
O=C(c1ccccc1C1=CC=C1)N1[CH]CCC1,224.28299999999996
CC(C)CC(=O)Nc1ccccc1,177.247
Cc1ccc2occ(C(N)=O)c2c1,175.18699999999998
Oc1cccc(-c2ccccn2)c1,171.199
NC(=O)c1ccc2ccccc2n1,172.18699999999998
O=Cc1ccccc1-c1cc[nH]n1,172.187
O=Cc1ccccc1-c1ccn[nH]1,172.187
O=Cc1ccccc1-c1ncc[nH]1,172.18699999999998
