smiles,mol_wt
c1ccc2[nH]ccc2c1,117.15099999999997
Cc1ncccc1C(=O)NC1CCN(c2ccccc2)CC1,295.3860000000001
Cc1ccc(C(=O)NC2CCN(c3ccccc3)CC2)cn1,295.386
Cc1cccc(C(=O)NC2CCN(c3ccccc3)CC2)n1,295.3860000000001
Cc1ccc(N2CCCCC2)cc1,175.275
Cc1ccc(N2CCCC2)cc1,161.24800000000002
Cc1ccc(N2CCNCC2)cc1,176.263
Cc1cccc(C)c1,106.16799999999999
Cc1cccc(C(=O)N2CCNCC2)c1,204.27299999999997
O=C(Cc1ccco1)N1CCNCC1,194.23399999999995
COc1ccc(NC(N)=O)cc1C,180.207
