{
  "elapsed_sec": 26.523518562316895,
  "budget_per_sample": 20.0,
  "total_reward_evals": 1000,
  "forward_passes": 29000,
  "fp_per_sample": 580.0,
  "validity": 0.1,
  "uniqueness": 1.0,
  "qed_mean": 0.6164709018312908,
  "qed_top10": 0.7627772179588964,
  "qed_max": 0.7627772179588964,
  "num_samples": 50,
  "name": "beam_noelite_B20_N50_L4_t05",
  "reward": "none"
}