smiles,mol_wt
CCNS(=O)(=O)c1ccccc1,185.24800000000002
NS(=O)(=O)c1ccccc1,157.194
O=[SH](=O)c1ccccc1,142.179
O=C1Cc2ccccc2N1,133.14999999999998
COc1ccccc1,108.13999999999997
