{
  "elapsed_sec": 41.08769917488098,
  "budget_per_sample": 100.0,
  "total_reward_evals": 5000,
  "forward_passes": 8086,
  "fp_per_sample": 161.72,
  "validity": 1.0,
  "uniqueness": 1.0,
  "qed_mean": 0.8799385690343077,
  "qed_top10": 0.9299319473611503,
  "qed_max": 0.9421328833265944,
  "num_samples": 50,
  "name": "mcts_B100_L2_c20",
  "reward": "none"
}