{
  "elapsed_sec": 138.8817834854126,
  "budget_per_sample": 192.0,
  "total_reward_evals": 9600,
  "forward_passes": 196800,
  "fp_per_sample": 3936.0,
  "validity": 0.66,
  "uniqueness": 1.0,
  "qed_mean": 0.9196503072957342,
  "qed_top10": 0.9479405052469484,
  "qed_max": 0.9480344141489615,
  "num_samples": 50,
  "name": "beam_B200_N20_L4_t08",
  "reward": "none"
}