{
  "elapsed_sec": 135.50385785102844,
  "budget_per_sample": 100.0,
  "total_reward_evals": 5000,
  "forward_passes": 122440,
  "fp_per_sample": 2448.8,
  "validity": 1.0,
  "uniqueness": 1.0,
  "qed_mean": 0.9450993028132467,
  "qed_top10": 0.9479557951040742,
  "qed_max": 0.9480344141489615,
  "num_samples": 50,
  "name": "mcts_B100_L8_c10",
  "reward": "none"
}