{
  "elapsed_sec": 15.755556583404541,
  "budget_per_sample": 16.0,
  "total_reward_evals": 800,
  "forward_passes": 20000,
  "fp_per_sample": 400.0,
  "validity": 1.0,
  "uniqueness": 1.0,
  "qed_mean": 0.7277046642891531,
  "qed_top10": 0.9449022729397356,
  "qed_max": 0.9466786472143096,
  "num_samples": 50,
  "name": "beam_B20_N10_L4_t08",
  "reward": "none"
}