{
  "elapsed_sec": 38.48469591140747,
  "budget_per_sample": 200.0,
  "total_reward_evals": 10000,
  "forward_passes": 5020,
  "fp_per_sample": 100.4,
  "validity": 1.0,
  "uniqueness": 1.0,
  "qed_mean": 0.9361621497037088,
  "qed_top10": 0.9464173940755038,
  "qed_max": 0.9466786472143095,
  "num_samples": 50,
  "name": "mcts_B200_L2_c10",
  "reward": "none"
}