{
  "elapsed_sec": 28.496027946472168,
  "budget_per_sample": 26.4,
  "total_reward_evals": 1320,
  "forward_passes": 34320,
  "fp_per_sample": 686.4,
  "validity": 0.94,
  "uniqueness": 1.0,
  "qed_mean": 0.7717639258972555,
  "qed_top10": 0.9472207416097759,
  "qed_max": 0.947893550795942,
  "num_samples": 50,
  "name": "beam_B20_N20_L2_t08",
  "reward": "none"
}