{
  "elapsed_sec": 154.6343743801117,
  "budget_per_sample": 106.0,
  "total_reward_evals": 5300,
  "forward_passes": 143100,
  "fp_per_sample": 2862.0,
  "validity": 1.0,
  "uniqueness": 1.0,
  "qed_mean": 0.9308118381076256,
  "qed_top10": 0.9466308497835378,
  "qed_max": 0.9468508846809878,
  "num_samples": 50,
  "name": "beam_B100_N5_L2_t08",
  "reward": "none"
}