{
  "elapsed_sec": 35.50568747520447,
  "budget_per_sample": 24.0,
  "total_reward_evals": 1200,
  "forward_passes": 28800,
  "fp_per_sample": 576.0,
  "validity": 0.34,
  "uniqueness": 1.0,
  "qed_mean": 0.7303361976983483,
  "qed_top10": 0.946769903794239,
  "qed_max": 0.946769903794239,
  "num_samples": 50,
  "name": "beam_noelite_B20_N20_L4_t08",
  "reward": "none"
}