{
  "elapsed_sec": 84.60727119445801,
  "budget_per_sample": 84.0,
  "total_reward_evals": 4200,
  "forward_passes": 88200,
  "fp_per_sample": 1764.0,
  "validity": 0.22,
  "uniqueness": 1.0,
  "qed_mean": 0.6338871223191593,
  "qed_top10": 0.9466786472143095,
  "qed_max": 0.9466786472143095,
  "num_samples": 50,
  "name": "beam_noelite_B100_N5_L4_t05",
  "reward": "none"
}