smiles,mol_wt
Cc1cc(C(N)=O)ccc1F,153.15599999999998
Cc1ccccc1C(N)=O,135.166
CCCc1ccno1,111.14399999999998
Cc1nc(CNC(=O)c2csc(C3CC3)n2)cs1,279.39
CC1CCNCC1,99.17699999999999
CCc1ccc2ccccc2n1,157.21599999999998
Cc1cccc(C(N)=O)c1,135.16600000000003
Cc1ccc(C(N)=O)cc1,135.16600000000003
Cc1ccccc1,92.14099999999999
Cc1ccc(-c2nsc(NC(=O)C3CCOCC3)n2)cc1,303.387
Fc1ccccc1,96.10399999999998
