{
  "elapsed_sec": 764.2115263938904,
  "budget_per_sample": 184.0,
  "total_reward_evals": 9200,
  "forward_passes": 211600,
  "fp_per_sample": 4232.0,
  "validity": 1.0,
  "uniqueness": 1.0,
  "qed_mean": 0.7907518046112135,
  "qed_top10": 0.9479453193342439,
  "qed_max": 0.9480344141489615,
  "num_samples": 50,
  "name": "beam_B200_N5_L8_t08",
  "reward": "none"
}