{
  "elapsed_sec": 28.476195812225342,
  "budget_per_sample": 24.0,
  "total_reward_evals": 1200,
  "forward_passes": 34800,
  "fp_per_sample": 696.0,
  "validity": 0.44,
  "uniqueness": 1.0,
  "qed_mean": 0.8139295887396681,
  "qed_top10": 0.9478127842909552,
  "qed_max": 0.948228541614831,
  "num_samples": 50,
  "name": "beam_noelite_B20_N5_L8_t08",
  "reward": "none"
}