{
  "elapsed_sec": 47.09820032119751,
  "budget_per_sample": 56.0,
  "total_reward_evals": 2800,
  "forward_passes": 75600,
  "fp_per_sample": 1512.0,
  "validity": 0.04,
  "uniqueness": 1.0,
  "qed_mean": 0.9480127807605674,
  "qed_top10": 0.9480127807605674,
  "qed_max": 0.9480127807605674,
  "num_samples": 50,
  "name": "beam_B50_N50_L8_t05",
  "reward": "none"
}