{
  "elapsed_sec": 45.43780303001404,
  "budget_per_sample": 100.0,
  "total_reward_evals": 5000,
  "forward_passes": 9550,
  "fp_per_sample": 191.0,
  "validity": 1.0,
  "uniqueness": 1.0,
  "qed_mean": 0.9426890822328353,
  "qed_top10": 0.9471846473425053,
  "qed_max": 0.947480230766545,
  "num_samples": 50,
  "name": "mcts_B100_L2_c10",
  "reward": "none"
}