{
  "elapsed_sec": 20.21968150138855,
  "budget_per_sample": 24.0,
  "total_reward_evals": 1200,
  "forward_passes": 28800,
  "fp_per_sample": 576.0,
  "validity": 0.26,
  "uniqueness": 1.0,
  "qed_mean": 0.8284617775387313,
  "qed_top10": 0.9118674569949395,
  "qed_max": 0.9118674569949395,
  "num_samples": 50,
  "name": "beam_B20_N50_L8_t05",
  "reward": "none"
}