{
  "elapsed_sec": 175.36365509033203,
  "budget_per_sample": 211.2,
  "total_reward_evals": 10560,
  "forward_passes": 232320,
  "fp_per_sample": 4646.4,
  "validity": 0.5,
  "uniqueness": 1.0,
  "qed_mean": 0.8265598837447412,
  "qed_top10": 0.9477931121106975,
  "qed_max": 0.9478423903256857,
  "num_samples": 50,
  "name": "beam_B200_N20_L8_t05",
  "reward": "none"
}