{
  "elapsed_sec": 30.03757929801941,
  "budget_per_sample": 0,
  "total_reward_evals": 0,
  "forward_passes": 0,
  "fp_per_sample": 0,
  "validity": 1.0,
  "uniqueness": 0.998,
  "qed_mean": 0.8084906252850358,
  "qed_top10": 0.9311010796674585,
  "qed_max": 0.94741258623889,
  "num_samples": 500,
  "name": "uncond_500",
  "reward": "none"
}