{
  "elapsed_sec": 323.8135645389557,
  "budget_per_sample": 144.0,
  "total_reward_evals": 7200,
  "forward_passes": 252000,
  "fp_per_sample": 5040.0,
  "validity": 0.18,
  "uniqueness": 1.0,
  "qed_mean": 0.9479230456305644,
  "qed_top10": 0.9479230456305644,
  "qed_max": 0.9479230456305644,
  "num_samples": 50,
  "name": "beam_B100_N50_L8_t05",
  "reward": "none"
}