{
  "elapsed_sec": 51.07803750038147,
  "budget_per_sample": 48.0,
  "total_reward_evals": 2400,
  "forward_passes": 60000,
  "fp_per_sample": 1200.0,
  "validity": 1.0,
  "uniqueness": 1.0,
  "qed_mean": 0.6912268239305526,
  "qed_top10": 0.8153633514094614,
  "qed_max": 0.9456149261918835,
  "num_samples": 50,
  "name": "beam_B50_N5_L8_t08",
  "reward": "none"
}