{
  "elapsed_sec": 106.81214213371277,
  "budget_per_sample": 110.4,
  "total_reward_evals": 5520,
  "forward_passes": 129720,
  "fp_per_sample": 2594.4,
  "validity": 1.0,
  "uniqueness": 1.0,
  "qed_mean": 0.8717178222703171,
  "qed_top10": 0.9453507154095565,
  "qed_max": 0.9465690164457922,
  "num_samples": 50,
  "name": "beam_B200_N20_L2_t08",
  "reward": "none"
}