{
  "elapsed_sec": 104.57230138778687,
  "budget_per_sample": 108.0,
  "total_reward_evals": 5400,
  "forward_passes": 124200,
  "fp_per_sample": 2484.0,
  "validity": 0.76,
  "uniqueness": 1.0,
  "qed_mean": 0.6234555719771472,
  "qed_top10": 0.9467699037942389,
  "qed_max": 0.946769903794239,
  "num_samples": 50,
  "name": "beam_B200_N20_L2_t05",
  "reward": "none"
}