{
  "elapsed_sec": 54.17442274093628,
  "budget_per_sample": 80.0,
  "total_reward_evals": 4000,
  "forward_passes": 88000,
  "fp_per_sample": 1760.0,
  "validity": 0.3,
  "uniqueness": 1.0,
  "qed_mean": 0.9480039324408285,
  "qed_top10": 0.948228541614831,
  "qed_max": 0.948228541614831,
  "num_samples": 50,
  "name": "beam_B100_N50_L8_t08",
  "reward": "none"
}