{
  "elapsed_sec": 31.359671354293823,
  "budget_per_sample": 24.0,
  "total_reward_evals": 1200,
  "forward_passes": 26400,
  "fp_per_sample": 528.0,
  "validity": 0.86,
  "uniqueness": 1.0,
  "qed_mean": 0.8302003452729866,
  "qed_top10": 0.947893550795942,
  "qed_max": 0.947893550795942,
  "num_samples": 50,
  "name": "beam_div01_B20_N10_L8_t08",
  "reward": "none"
}