{
  "elapsed_sec": 189.17083501815796,
  "budget_per_sample": 88.0,
  "total_reward_evals": 4400,
  "forward_passes": 96800,
  "fp_per_sample": 1936.0,
  "validity": 0.38,
  "uniqueness": 1.0,
  "qed_mean": 0.7816684754767653,
  "qed_top10": 0.9479230456305644,
  "qed_max": 0.9479230456305644,
  "num_samples": 50,
  "name": "beam_B100_N10_L8_t05",
  "reward": "none"
}