{
  "elapsed_sec": 126.25314831733704,
  "budget_per_sample": 50.0,
  "total_reward_evals": 2500,
  "forward_passes": 105656,
  "fp_per_sample": 2113.12,
  "validity": 1.0,
  "uniqueness": 1.0,
  "qed_mean": 0.9243868083277779,
  "qed_top10": 0.9332765746057741,
  "qed_max": 0.9394182172688857,
  "num_samples": 50,
  "name": "mcts_B50_L8_c20",
  "reward": "none"
}