{
  "elapsed_sec": 18.76576828956604,
  "budget_per_sample": 16.0,
  "total_reward_evals": 800,
  "forward_passes": 24000,
  "fp_per_sample": 480.0,
  "validity": 1.0,
  "uniqueness": 1.0,
  "qed_mean": 0.7458214837607148,
  "qed_top10": 0.9435835004488944,
  "qed_max": 0.9463566623306205,
  "num_samples": 50,
  "name": "beam_B20_N5_L8_t08",
  "reward": "none"
}