{
  "elapsed_sec": 302.88534808158875,
  "budget_per_sample": 100.0,
  "total_reward_evals": 5000,
  "forward_passes": 172700,
  "fp_per_sample": 3454.0,
  "validity": 1.0,
  "uniqueness": 1.0,
  "qed_mean": 0.897971194228529,
  "qed_top10": 0.9428060336108539,
  "qed_max": 0.9437223609375411,
  "num_samples": 50,
  "name": "mcts_B100_L4_c10",
  "reward": "none"
}