{
  "elapsed_sec": 18.670329570770264,
  "budget_per_sample": 19.2,
  "total_reward_evals": 960,
  "forward_passes": 24000,
  "fp_per_sample": 480.0,
  "validity": 0.18,
  "uniqueness": 1.0,
  "qed_mean": 0.7078315584580627,
  "qed_top10": 0.947893550795942,
  "qed_max": 0.947893550795942,
  "num_samples": 50,
  "name": "beam_noelite_B20_N20_L4_t05",
  "reward": "none"
}