{
  "elapsed_sec": 161.9222640991211,
  "budget_per_sample": 120.0,
  "total_reward_evals": 6000,
  "forward_passes": 180000,
  "fp_per_sample": 3600.0,
  "validity": 1.0,
  "uniqueness": 1.0,
  "qed_mean": 0.9274652728372146,
  "qed_top10": 0.9451724033770906,
  "qed_max": 0.947893550795942,
  "num_samples": 50,
  "name": "beam_B100_N5_L4_t05",
  "reward": "none"
}