{
  "elapsed_sec": 20.29152226448059,
  "budget_per_sample": 16.0,
  "total_reward_evals": 800,
  "forward_passes": 18000,
  "fp_per_sample": 360.0,
  "validity": 1.0,
  "uniqueness": 1.0,
  "qed_mean": 0.7803272083115135,
  "qed_top10": 0.9344225213223499,
  "qed_max": 0.9403750520160179,
  "num_samples": 50,
  "name": "beam_B20_N5_L2_t08",
  "reward": "none"
}