{
  "elapsed_sec": 105.53106117248535,
  "budget_per_sample": 110.4,
  "total_reward_evals": 5520,
  "forward_passes": 132480,
  "fp_per_sample": 2649.6,
  "validity": 0.06,
  "uniqueness": 1.0,
  "qed_mean": 0.7993783725712356,
  "qed_top10": 0.94741258623889,
  "qed_max": 0.94741258623889,
  "num_samples": 50,
  "name": "beam_noelite_B100_N20_L4_t05",
  "reward": "none"
}