smiles,mol_wt
Cc1cccc(C(=O)N2CCC(NC(=O)c3ccccc3)C2)c1,308.38100000000003
c1ccc2c(c1)CCNCC2,147.22099999999998
CC(=O)Nc1nc(-c2cccc(C)c2)ns1,233.29600000000002
