{
  "elapsed_sec": 92.54181218147278,
  "budget_per_sample": 48.0,
  "total_reward_evals": 2400,
  "forward_passes": 57600,
  "fp_per_sample": 1152.0,
  "validity": 0.38,
  "uniqueness": 1.0,
  "qed_mean": 0.8619034312765061,
  "qed_top10": 0.9479230456305644,
  "qed_max": 0.9479230456305644,
  "num_samples": 50,
  "name": "beam_B50_N10_L8_t08",
  "reward": "none"
}