{
  "elapsed_sec": 19.677581310272217,
  "budget_per_sample": 20.0,
  "total_reward_evals": 1000,
  "forward_passes": 22000,
  "fp_per_sample": 440.0,
  "validity": 0.2,
  "uniqueness": 1.0,
  "qed_mean": 0.6348970607404381,
  "qed_top10": 0.6916189257895103,
  "qed_max": 0.6916189257895103,
  "num_samples": 50,
  "name": "beam_noelite_B20_N10_L4_t05",
  "reward": "none"
}