smiles,mol_wt
Fc1ccc(-c2ccn[nH]2)cc1,162.167
CNC(=O)c1sc(C)cc1C,169.249
Cc1ccc(C=O)cc1,120.15099999999998
CCc1cccc(C(N)=O)c1,149.19299999999998
CCc1cncc(C(N)=O)c1,150.18099999999998
Nc1ccc(N2CCOCC2)cc1,178.235
CNC(=O)c1ccc(C)cc1,149.19299999999998
Fc1ccccc1,96.10399999999998
c1ccc(C[NH+]2CCCCC2)cc1,176.283
Cc1ccc(C2CCCCC2)cc1C=O,202.297
