smiles,mol_wt
Cc1ccoc1C(N)=O,125.12700000000001
c1ccc2[nH]cnc2c1,118.13899999999998
CNC[C@@H]1CCCN1,114.19200000000001
Cc1cccnc1C=O,121.139
Cc1cccc(=O)[nH]1,109.128
Cc1c2ccc(C=O)c1-2,118.13499999999998
Cc1ccccc1C=O,120.15099999999998
c1ccc2ccccc2c1,128.17399999999995
CC[CH]CN,72.131
Cc1ccnc(C)n1,108.144
