{
  "elapsed_sec": 128.18255281448364,
  "budget_per_sample": 112.0,
  "total_reward_evals": 5600,
  "forward_passes": 156800,
  "fp_per_sample": 3136.0,
  "validity": 1.0,
  "uniqueness": 1.0,
  "qed_mean": 0.9374318642265151,
  "qed_top10": 0.9479066581730231,
  "qed_max": 0.9480344141489615,
  "num_samples": 50,
  "name": "beam_div01_B100_N10_L4_t08",
  "reward": "none"
}