{
  "elapsed_sec": 126.36225008964539,
  "budget_per_sample": 80.0,
  "total_reward_evals": 4000,
  "forward_passes": 88000,
  "fp_per_sample": 1760.0,
  "validity": 0.92,
  "uniqueness": 1.0,
  "qed_mean": 0.6691901149200542,
  "qed_top10": 0.9016286497761454,
  "qed_max": 0.9290788227759301,
  "num_samples": 50,
  "name": "beam_div01_B100_N10_L8_t08",
  "reward": "none"
}