smiles,mol_wt
CC(C)CN,73.139
c1ccc2[nH]nnc2c1,119.127
c1ccc2[nH]ncc2c1,118.13899999999998
c1ccc2[nH]cnc2c1,118.13899999999998
