{
  "elapsed_sec": 50.073381185531616,
  "budget_per_sample": 48.0,
  "total_reward_evals": 2400,
  "forward_passes": 62400,
  "fp_per_sample": 1248.0,
  "validity": 1.0,
  "uniqueness": 1.0,
  "qed_mean": 0.7880737291086488,
  "qed_top10": 0.9470807884493693,
  "qed_max": 0.94741258623889,
  "num_samples": 50,
  "name": "beam_B50_N5_L8_t05",
  "reward": "none"
}