{
  "elapsed_sec": 225.27905797958374,
  "budget_per_sample": 56.0,
  "total_reward_evals": 2800,
  "forward_passes": 81200,
  "fp_per_sample": 1624.0,
  "validity": 1.0,
  "uniqueness": 1.0,
  "qed_mean": 0.8452446272728428,
  "qed_top10": 0.9425789650886189,
  "qed_max": 0.9441080485839992,
  "num_samples": 50,
  "name": "beam_B50_N5_L4_t05",
  "reward": "none"
}