{
  "elapsed_sec": 17.353014945983887,
  "budget_per_sample": 16.0,
  "total_reward_evals": 800,
  "forward_passes": 20000,
  "fp_per_sample": 400.0,
  "validity": 1.0,
  "uniqueness": 1.0,
  "qed_mean": 0.5663428674109239,
  "qed_top10": 0.6966691087016363,
  "qed_max": 0.7519673149165972,
  "num_samples": 50,
  "name": "beam_div05_B20_N10_L4_t08",
  "reward": "none"
}