{
  "elapsed_sec": 113.0345778465271,
  "budget_per_sample": 50.0,
  "total_reward_evals": 2500,
  "forward_passes": 61560,
  "fp_per_sample": 1231.2,
  "validity": 1.0,
  "uniqueness": 1.0,
  "qed_mean": 0.9389412077140716,
  "qed_top10": 0.9478154907062514,
  "qed_max": 0.9480082501464197,
  "num_samples": 50,
  "name": "mcts_B50_L4_c20",
  "reward": "none"
}