smiles,mol_wt
Cc1ccc(CCNC(=O)N2CCc3scnc3C2)cc1,301.4150000000001
Cc1ccccc1C(=O)Nc1nc(C2CCOCC2)ns1,303.38699999999994
CC1CCC(NC(=O)c2nsc(-c3ccccc3)n2)CC1,301.4150000000001
Cc1ccccc1C(=O)Nc1ccn(C2CCOCC2)n1,285.34700000000004
Cc1ccc(-n2cc(C(=O)NC3CCCCC3)nn2)cc1,284.36299999999994
