{
  "elapsed_sec": 107.3098771572113,
  "budget_per_sample": 96.0,
  "total_reward_evals": 4800,
  "forward_passes": 120000,
  "fp_per_sample": 2400.0,
  "validity": 0.96,
  "uniqueness": 1.0,
  "qed_mean": 0.7744416812777094,
  "qed_top10": 0.9469496696845134,
  "qed_max": 0.9474322367956053,
  "num_samples": 50,
  "name": "beam_div03_B100_N10_L4_t08",
  "reward": "none"
}