{
  "elapsed_sec": 95.85574197769165,
  "budget_per_sample": 96.0,
  "total_reward_evals": 4800,
  "forward_passes": 120000,
  "fp_per_sample": 2400.0,
  "validity": 0.1,
  "uniqueness": 1.0,
  "qed_mean": 0.892188771004912,
  "qed_top10": 0.9479230456305644,
  "qed_max": 0.9479230456305644,
  "num_samples": 50,
  "name": "beam_noelite_B100_N10_L4_t05",
  "reward": "none"
}