{
  "elapsed_sec": 109.3519537448883,
  "budget_per_sample": 33.6,
  "total_reward_evals": 1680,
  "forward_passes": 53760,
  "fp_per_sample": 1075.2,
  "validity": 0.22,
  "uniqueness": 1.0,
  "qed_mean": 0.9293341691239516,
  "qed_top10": 0.9471102565389131,
  "qed_max": 0.9471102565389131,
  "num_samples": 50,
  "name": "beam_B20_N20_L4_t08",
  "reward": "none"
}