{
  "elapsed_sec": 31.536912441253662,
  "budget_per_sample": 24.0,
  "total_reward_evals": 1200,
  "forward_passes": 37200,
  "fp_per_sample": 744.0,
  "validity": 0.98,
  "uniqueness": 1.0,
  "qed_mean": 0.8574495178724176,
  "qed_top10": 0.9276141598216556,
  "qed_max": 0.9396935493913704,
  "num_samples": 50,
  "name": "beam_B20_N50_L4_t05",
  "reward": "none"
}