{
  "elapsed_sec": 24.602290391921997,
  "budget_per_sample": 28.8,
  "total_reward_evals": 1440,
  "forward_passes": 33120,
  "fp_per_sample": 662.4,
  "validity": 0.22,
  "uniqueness": 1.0,
  "qed_mean": 0.8197108364784651,
  "qed_top10": 0.9479230456305644,
  "qed_max": 0.9479230456305644,
  "num_samples": 50,
  "name": "beam_noelite_B20_N20_L8_t08",
  "reward": "none"
}