{
  "elapsed_sec": 101.33334875106812,
  "budget_per_sample": 100.0,
  "total_reward_evals": 5000,
  "forward_passes": 127500,
  "fp_per_sample": 2550.0,
  "validity": 0.52,
  "uniqueness": 1.0,
  "qed_mean": 0.8365794220654073,
  "qed_top10": 0.919785673140541,
  "qed_max": 0.9215063716763385,
  "num_samples": 50,
  "name": "beam_B200_N50_L2_t05",
  "reward": "none"
}