{
  "elapsed_sec": 133.52857375144958,
  "budget_per_sample": 122.4,
  "total_reward_evals": 6120,
  "forward_passes": 159120,
  "fp_per_sample": 3182.4,
  "validity": 1.0,
  "uniqueness": 1.0,
  "qed_mean": 0.8925894131913512,
  "qed_top10": 0.9442288902572198,
  "qed_max": 0.946769903794239,
  "num_samples": 50,
  "name": "beam_B100_N20_L2_t08",
  "reward": "none"
}