{
  "elapsed_sec": 88.41723799705505,
  "budget_per_sample": 105.6,
  "total_reward_evals": 5280,
  "forward_passes": 126720,
  "fp_per_sample": 2534.4,
  "validity": 0.7,
  "uniqueness": 1.0,
  "qed_mean": 0.7968624430785195,
  "qed_top10": 0.9479280577744839,
  "qed_max": 0.9479380820623227,
  "num_samples": 50,
  "name": "beam_B100_N20_L8_t08",
  "reward": "none"
}