{
  "elapsed_sec": 33.413830280303955,
  "budget_per_sample": 40.0,
  "total_reward_evals": 2000,
  "forward_passes": 42000,
  "fp_per_sample": 840.0,
  "validity": 0.28,
  "uniqueness": 1.0,
  "qed_mean": 0.570197553063416,
  "qed_top10": 0.6474728893115365,
  "qed_max": 0.6474728893115365,
  "num_samples": 50,
  "name": "beam_B50_N50_L2_t05",
  "reward": "none"
}