smiles,mol_wt
Cc1cc(C(N)=O)ccc1F,153.15599999999998
Cc1ccccc1C(N)=O,135.166
Cc1ccc(C(N)=O)o1,125.12700000000001
O=Cc1ccc2ccccc2n1,157.17199999999997
O=CCCc1ccccc1,134.17799999999997
Cc1cccc(CC=O)c1,134.178
c1ccc2c(c1)CCNC2,133.194
NC(=O)C1=CCCCC1,125.17099999999999
CC(C)c1ccno1,111.14399999999998
Cc1cc(C=O)cc(C)n1,135.16599999999997
NC(=O)c1ccon1,112.08799999999998
c1ccc2c(c1)CNC2,119.16699999999999
Cc1cc(C=O)ccc1F,138.14099999999996
c1ccc2nccnc2c1,130.15
