{
  "elapsed_sec": 124.49729681015015,
  "budget_per_sample": 104.0,
  "total_reward_evals": 5200,
  "forward_passes": 145600,
  "fp_per_sample": 2912.0,
  "validity": 1.0,
  "uniqueness": 1.0,
  "qed_mean": 0.8064478076425259,
  "qed_top10": 0.9437223609375411,
  "qed_max": 0.9437223609375412,
  "num_samples": 50,
  "name": "beam_B100_N5_L8_t05",
  "reward": "none"
}