{
  "elapsed_sec": 111.37108755111694,
  "budget_per_sample": 80.0,
  "total_reward_evals": 4000,
  "forward_passes": 88000,
  "fp_per_sample": 1760.0,
  "validity": 1.0,
  "uniqueness": 1.0,
  "qed_mean": 0.9182219417533208,
  "qed_top10": 0.9474440919952608,
  "qed_max": 0.947893550795942,
  "num_samples": 50,
  "name": "beam_div03_B100_N10_L8_t08",
  "reward": "none"
}