{
  "elapsed_sec": 134.09328842163086,
  "budget_per_sample": 108.0,
  "total_reward_evals": 5400,
  "forward_passes": 145800,
  "fp_per_sample": 2916.0,
  "validity": 1.0,
  "uniqueness": 1.0,
  "qed_mean": 0.8701283360908887,
  "qed_top10": 0.9474319292066893,
  "qed_max": 0.9478558875621353,
  "num_samples": 50,
  "name": "beam_B100_N5_L4_t08",
  "reward": "none"
}