{
  "elapsed_sec": 38.74172854423523,
  "budget_per_sample": 24.0,
  "total_reward_evals": 1200,
  "forward_passes": 44400,
  "fp_per_sample": 888.0,
  "validity": 0.06,
  "uniqueness": 1.0,
  "qed_mean": 0.9473724819595595,
  "qed_top10": 0.9473998893106573,
  "qed_max": 0.9473998893106573,
  "num_samples": 50,
  "name": "beam_noelite_B20_N50_L8_t05",
  "reward": "none"
}