{
  "elapsed_sec": 37.13663339614868,
  "budget_per_sample": 20.0,
  "total_reward_evals": 1000,
  "forward_passes": 20600,
  "fp_per_sample": 412.0,
  "validity": 1.0,
  "uniqueness": 1.0,
  "qed_mean": 0.9402628314951653,
  "qed_top10": 0.9471498220889141,
  "qed_max": 0.947893550795942,
  "num_samples": 50,
  "name": "mcts_B20_L4_c05",
  "reward": "none"
}